Workbook
Name TipoPresentismo: 'params'!$B$5:$B$65

Sheet presentismos_masivo
A1: Nombre | B1: Apellido | C1: DNI | D1: 2017-06-20 | E1: 2017-06-21 | F1: 2017-06-22 | G1: 2017-06-23 | H1: 2017-06-24
A2: Afton Jakubowski DVM | B2: Wuckert | C2: 37069786
A3: Kurt Schulist | B3: Skiles | C3: 48608359
A4: Sylvia Eichmann | B4: Hand | C4: 15806976
A5: Janie Flatley | B5: Gutmann | C5: 16086522
A6: Myles Hansen | B6: Graham | C6: 4011051
A7: Jailyn Grimes | B7: Windler | C7: 41238405

Sheet params
B4: Tipo Presentismo
B5: AUSENTE | C5: A
B6: EXTENSION MEDICO POR FLIAR | C6: A68
B7: ADOPCION TITULAR | C7: AD
B8: EXTENSION ADOPCION TITULAR | C8: ADE
B9: ADOPCION NO TITULAR | C9: ADN
B10: ADAPTACION ESCOLAR | C10: AE
B11: ART | C11: ART
B12: ACCIDENTE EN SERVICIO | C12: AT
B13: CONTROL MASCULINO | C13: C/M
B14: COMISION GREMIAL | C14: CG
B15: COMISIÓN DE SERVICIO | C15: CS
B16: DONACION DE SANGRE | C16: D
... B65: EXAMEN JUSTIFICADO | C65: XJ

Sheet procesado
A1: nombre | B1: apellido | C1: dni | D1: =presentismos_masivo!D1 -> 0 | E1: =presentismos_masivo!E1 -> 0 | F1: =presentismos_masivo!F1 -> 0 | G1: =presentismos_masivo!G1 -> 0 | H1: =presentismos_masivo!H1 -> 0
A2: =IF(ISBLANK(presentismos_masivo!A2), "empty",presentismos_masivo!A2) -> 0 | B2: =IF(ISBLANK(presentismos_masivo!B2), "empty",presentismos_masivo!B2) -> 0 | C2: =IF(ISBLANK(presentismos_masivo!C2), "empty",presentismos_masivo!C2) -> 0 | D2: =VLOOKUP(presentismos_masivo!D2,params!$B$5:$C$65,2,FALSE) -> 0 | E2: =VLOOKUP(presentismos_masivo!E2,params!$B$5:$C$65,2,FALSE) -> 0 | F2: =VLOOKUP(presentismos_masivo!F2,params!$B$5:$C$65,2,FALSE) -> 0 | G2: =VLOOKUP(presentismos_masivo!G2,params!$B$5:$C$65,2,FALSE) -> 0 | H2: =VLOOKUP(presentismos_masivo!H2,params!$B$5:$C$65,2,FALSE) -> 0
A3: =IF(ISBLANK(presentismos_masivo!A3), "empty",presentismos_masivo!A3) -> 0 | B3: =IF(ISBLANK(presentismos_masivo!B3), "empty",presentismos_masivo!B3) -> 0 | C3: =IF(ISBLANK(presentismos_masivo!C3), "empty",presentismos_masivo!C3) -> 0 | D3: =VLOOKUP(presentismos_masivo!D3,params!$B$5:$C$65,2,FALSE) -> 0 | E3: =VLOOKUP(presentismos_masivo!E3,params!$B$5:$C$65,2,FALSE) -> 0 | F3: =VLOOKUP(presentismos_masivo!F3,params!$B$5:$C$65,2,FALSE) -> 0 | G3: =VLOOKUP(presentismos_masivo!G3,params!$B$5:$C$65,2,FALSE) -> 0 | H3: =VLOOKUP(presentismos_masivo!H3,params!$B$5:$C$65,2,FALSE) -> 0
A4: =IF(ISBLANK(presentismos_masivo!A4), "empty",presentismos_masivo!A4) -> 0 | B4: =IF(ISBLANK(presentismos_masivo!B4), "empty",presentismos_masivo!B4) -> 0 | C4: =IF(ISBLANK(presentismos_masivo!C4), "empty",presentismos_masivo!C4) -> 0 | D4: =VLOOKUP(presentismos_masivo!D4,params!$B$5:$C$65,2,FALSE) -> 0 | E4: =VLOOKUP(presentismos_masivo!E4,params!$B$5:$C$65,2,FALSE) -> 0 | F4: =VLOOKUP(presentismos_masivo!F4,params!$B$5:$C$65,2,FALSE) -> 0 | G4: =VLOOKUP(presentismos_masivo!G4,params!$B$5:$C$65,2,FALSE) -> 0 | H4: =VLOOKUP(presentismos_masivo!H4,params!$B$5:$C$65,2,FALSE) -> 0
A5: =IF(ISBLANK(presentismos_masivo!A5), "empty",presentismos_masivo!A5) -> 0 | B5: =IF(ISBLANK(presentismos_masivo!B5), "empty",presentismos_masivo!B5) -> 0 | C5: =IF(ISBLANK(presentismos_masivo!C5), "empty",presentismos_masivo!C5) -> 0 | D5: =VLOOKUP(presentismos_masivo!D5,params!$B$5:$C$65,2,FALSE) -> 0 | E5: =VLOOKUP(presentismos_masivo!E5,params!$B$5:$C$65,2,FALSE) -> 0 | F5: =VLOOKUP(presentismos_masivo!F5,params!$B$5:$C$65,2,FALSE) -> 0 | G5: =VLOOKUP(presentismos_masivo!G5,params!$B$5:$C$65,2,FALSE) -> 0 | H5: =VLOOKUP(presentismos_masivo!H5,params!$B$5:$C$65,2,FALSE) -> 0
A6: =IF(ISBLANK(presentismos_masivo!A6), "empty",presentismos_masivo!A6) -> 0 | B6: =IF(ISBLANK(presentismos_masivo!B6), "empty",presentismos_masivo!B6) -> 0 | C6: =IF(ISBLANK(presentismos_masivo!C6), "empty",presentismos_masivo!C6) -> 0 | D6: =VLOOKUP(presentismos_masivo!D6,params!$B$5:$C$65,2,FALSE) -> 0 | E6: =VLOOKUP(presentismos_masivo!E6,params!$B$5:$C$65,2,FALSE) -> 0 | F6: =VLOOKUP(presentismos_masivo!F6,params!$B$5:$C$65,2,FALSE) -> 0 | G6: =VLOOKUP(presentismos_masivo!G6,params!$B$5:$C$65,2,FALSE) -> 0 | H6: =VLOOKUP(presentismos_masivo!H6,params!$B$5:$C$65,2,FALSE) -> 0
A7: =IF(ISBLANK(presentismos_masivo!A7), "empty",presentismos_masivo!A7) -> 0 | B7: =IF(ISBLANK(presentismos_masivo!B7), "empty",presentismos_masivo!B7) -> 0 | C7: =IF(ISBLANK(presentismos_masivo!C7), "empty",presentismos_masivo!C7) -> 0 | D7: =VLOOKUP(presentismos_masivo!D7,params!$B$5:$C$65,2,FALSE) -> 0 | E7: =VLOOKUP(presentismos_masivo!E7,params!$B$5:$C$65,2,FALSE) -> 0 | F7: =VLOOKUP(presentismos_masivo!F7,params!$B$5:$C$65,2,FALSE) -> 0 | G7: =VLOOKUP(presentismos_masivo!G7,params!$B$5:$C$65,2,FALSE) -> 0 | H7: =VLOOKUP(presentismos_masivo!H7,params!$B$5:$C$65,2,FALSE) -> 0
A8: =IF(ISBLANK(presentismos_masivo!A8), "empty",presentismos_masivo!A8) -> 0 | B8: =IF(ISBLANK(presentismos_masivo!B8), "empty",presentismos_masivo!B8) -> 0 | C8: =IF(ISBLANK(presentismos_masivo!C8), "empty",presentismos_masivo!C8) -> 0 | D8: =VLOOKUP(presentismos_masivo!D8,params!$B$5:$C$65,2,FALSE) -> 0 | E8: =VLOOKUP(presentismos_masivo!E8,params!$B$5:$C$65,2,FALSE) -> 0 | F8: =VLOOKUP(presentismos_masivo!F8,params!$B$5:$C$65,2,FALSE) -> 0 | G8: =VLOOKUP(presentismos_masivo!G8,params!$B$5:$C$65,2,FALSE) -> 0 | H8: =VLOOKUP(presentismos_masivo!H8,params!$B$5:$C$65,2,FALSE) -> 0
A9: =IF(ISBLANK(presentismos_masivo!A9), "empty",presentismos_masivo!A9) -> 0 | B9: =IF(ISBLANK(presentismos_masivo!B9), "empty",presentismos_masivo!B9) -> 0 | C9: =IF(ISBLANK(presentismos_masivo!C9), "empty",presentismos_masivo!C9) -> 0 | D9: =VLOOKUP(presentismos_masivo!D9,params!$B$5:$C$65,2,FALSE) -> 0 | E9: =VLOOKUP(presentismos_masivo!E9,params!$B$5:$C$65,2,FALSE) -> 0 | F9: =VLOOKUP(presentismos_masivo!F9,params!$B$5:$C$65,2,FALSE) -> 0 | G9: =VLOOKUP(presentismos_masivo!G9,params!$B$5:$C$65,2,FALSE) -> 0 | H9: =VLOOKUP(presentismos_masivo!H9,params!$B$5:$C$65,2,FALSE) -> 0
A10: =IF(ISBLANK(presentismos_masivo!A10), "empty",presentismos_masivo!A10) -> 0 | B10: =IF(ISBLANK(presentismos_masivo!B10), "empty",presentismos_masivo!B10) -> 0 | C10: =IF(ISBLANK(presentismos_masivo!C10), "empty",presentismos_masivo!C10) -> 0 | D10: =VLOOKUP(presentismos_masivo!D10,params!$B$5:$C$65,2,FALSE) -> 0 | E10: =VLOOKUP(presentismos_masivo!E10,params!$B$5:$C$65,2,FALSE) -> 0 | F10: =VLOOKUP(presentismos_masivo!F10,params!$B$5:$C$65,2,FALSE) -> 0 | G10: =VLOOKUP(presentismos_masivo!G10,params!$B$5:$C$65,2,FALSE) -> 0 | H10: =VLOOKUP(presentismos_masivo!H10,params!$B$5:$C$65,2,FALSE) -> 0
A11: =IF(ISBLANK(presentismos_masivo!A11), "empty",presentismos_masivo!A11) -> 0 | B11: =IF(ISBLANK(presentismos_masivo!B11), "empty",presentismos_masivo!B11) -> 0 | C11: =IF(ISBLANK(presentismos_masivo!C11), "empty",presentismos_masivo!C11) -> 0 | D11: =VLOOKUP(presentismos_masivo!D11,params!$B$5:$C$65,2,FALSE) -> 0 | E11: =VLOOKUP(presentismos_masivo!E11,params!$B$5:$C$65,2,FALSE) -> 0 | F11: =VLOOKUP(presentismos_masivo!F11,params!$B$5:$C$65,2,FALSE) -> 0 | G11: =VLOOKUP(presentismos_masivo!G11,params!$B$5:$C$65,2,FALSE) -> 0 | H11: =VLOOKUP(presentismos_masivo!H11,params!$B$5:$C$65,2,FALSE) -> 0
A12: =IF(ISBLANK(presentismos_masivo!A12), "empty",presentismos_masivo!A12) -> 0 | B12: =IF(ISBLANK(presentismos_masivo!B12), "empty",presentismos_masivo!B12) -> 0 | C12: =IF(ISBLANK(presentismos_masivo!C12), "empty",presentismos_masivo!C12) -> 0 | D12: =VLOOKUP(presentismos_masivo!D12,params!$B$5:$C$65,2,FALSE) -> 0 | E12: =VLOOKUP(presentismos_masivo!E12,params!$B$5:$C$65,2,FALSE) -> 0 | F12: =VLOOKUP(presentismos_masivo!F12,params!$B$5:$C$65,2,FALSE) -> 0 | G12: =VLOOKUP(presentismos_masivo!G12,params!$B$5:$C$65,2,FALSE) -> 0 | H12: =VLOOKUP(presentismos_masivo!H12,params!$B$5:$C$65,2,FALSE) -> 0
A13: =IF(ISBLANK(presentismos_masivo!A13), "empty",presentismos_masivo!A13) -> 0 | B13: =IF(ISBLANK(presentismos_masivo!B13), "empty",presentismos_masivo!B13) -> 0 | C13: =IF(ISBLANK(presentismos_masivo!C13), "empty",presentismos_masivo!C13) -> 0 | D13: =VLOOKUP(presentismos_masivo!D13,params!$B$5:$C$65,2,FALSE) -> 0 | E13: =VLOOKUP(presentismos_masivo!E13,params!$B$5:$C$65,2,FALSE) -> 0 | F13: =VLOOKUP(presentismos_masivo!F13,params!$B$5:$C$65,2,FALSE) -> 0 | G13: =VLOOKUP(presentismos_masivo!G13,params!$B$5:$C$65,2,FALSE) -> 0 | H13: =VLOOKUP(presentismos_masivo!H13,params!$B$5:$C$65,2,FALSE) -> 0
... A301: =IF(ISBLANK(presentismos_masivo!A301), "empty",presentismos_masivo!A301) -> 0 | B301: =IF(ISBLANK(presentismos_masivo!B301), "empty",presentismos_masivo!B301) -> 0 | C301: =IF(ISBLANK(presentismos_masivo!C301), "empty",presentismos_masivo!C301) -> 0 | D301: =VLOOKUP(presentismos_masivo!D301,params!$B$5:$C$65,2,FALSE) -> 0 | E301: =VLOOKUP(presentismos_masivo!E301,params!$B$5:$C$65,2,FALSE) -> 0 | F301: =VLOOKUP(presentismos_masivo!F301,params!$B$5:$C$65,2,FALSE) -> 0 | G301: =VLOOKUP(presentismos_masivo!G301,params!$B$5:$C$65,2,FALSE) -> 0 | H301: =VLOOKUP(presentismos_masivo!H301,params!$B$5:$C$65,2,FALSE) -> 0
